Days,ARPU_M1,ARPU_M2,ARPU_M3,ARPU_M4,ARPU_M5,ARPU_M6,ARPU_M7,Total_revenue
01/01/2024,2.396,7.291,9.898,29.898,25.116,17.165,5.647,19909775.88
02/01/2024,2.375,7.557,10.665,30.665,25.694,17.061,4.890,21406082.45
03/01/2024,2.426,7.825,11.935,34.725,26.314,16.943,4.114,25332324.52
04/01/2024,2.395,7.439,14.132,34.132,26.790,17.652,4.509,27378682.91
05/01/2024,2.286,7.284,10.718,30.718,27.465,17.035,3.031,25281649.36
06/01/2024,2.316,7.285,10.468,30.468,28.068,19.857,6.419,30804339.52
07/01/2024,2.306,7.244,10.189,30.189,28.579,18.648,4.108,30021302.11
08/01/2024,2.483,7.496,11.616,31.616,29.111,0.811,6.569,36823874.46
09/01/2024,2.523,7.611,13.145,33.145,29.441,19.701,4.405,37954663.57
10/01/2024,2.608,7.770,14.983,34.983,29.741,20.727,5.269,43804853.5
11/01/2024,2.312,7.656,15.252,34.436,29.691,18.825,1.995,40017791.47
12/01/2024,2.562,7.851,16.088,34.440,30.105,19.981,3.052,44654167.76
13/01/2024,2.595,7.830,16.730,34.232,30.218,22.335,5.810,51320189.4
14/01/2024,2.443,7.589,13.738,33.885,30.102,20.852,3.148,48378094.68
15/01/2024,2.356,7.414,11.385,33.608,29.967,22.464,4.872,52670180.74
16/01/2024,2.480,7.833,15.301,31.309,29.702,21.918,3.551,49027380.13
17/01/2024,2.488,7.730,13.718,33.210,29.516,22.527,3.872,54204028.83
18/01/2024,2.338,7.469,12.184,35.309,29.100,21.692,2.160,55569785.34
19/01/2024,2.346,7.413,11.479,34.781,28.742,22.142,2.275,56545917
20/01/2024,2.281,7.284,10.760,34.204,28.250,24.762,5.468,62434481.92
21/01/2024,2.289,7.228,10.172,33.724,27.779,24.090,4.017,60200414.5
22/01/2024,2.377,7.275,9.677,33.350,27.347,23.685,2.954,58974405.15
23/01/2024,2.211,7.070,8.987,32.745,26.629,24.060,3.006,58186834.69
24/01/2024,1.989,6.807,8.294,32.104,25.829,26.019,5.311,60638297.7
25/01/2024,31.819,6.941,17.207,30.233,25.414,25.425,4.016,57593047.85
26/01/2024,2.863,7.379,16.565,29.983,24.912,26.310,4.826,59219823.03
27/01/2024,2.658,7.568,15.711,29.506,24.170,26.498,4.665,57757746.45
28/01/2024,2.508,7.813,14.950,29.106,23.503,27.153,5.177,57622789.76
29/01/2024,2.309,8.009,14.174,28.677,22.818,27.083,4.678,55673918.83
30/01/2024,2.383,8.478,13.705,28.539,22.446,25.616,2.219,52599006
31/01/2024,2.332,7.831,13.027,30.396,21.882,27.598,4.650,59474664.58
01/02/2024,2.297,7.200,12.396,32.967,21.391,28.602,5.715,66043726.85
02/02/2024,2.474,7.421,11.953,31.442,21.123,28.448,5.158,63442957.96
03/02/2024,2.454,7.437,11.475,31.903,20.780,25.574,0.770,57758720.07
04/02/2024,2.627,7.647,11.211,32.586,20.707,27.898,3.749,65392724.6
05/02/2024,2.484,7.490,8.476,32.740,20.349,28.057,3.683,65657851.05
06/02/2024,2.649,7.714,11.629,33.281,20.446,28.895,4.594,70378121.34
07/02/2024,2.659,7.784,16.178,33.681,20.474,28.250,3.425,70839652.73
08/02/2024,2.887,8.138,16.646,35.906,20.808,28.932,4.149,80083007.75
09/02/2024,2.564,7.942,16.569,37.908,20.674,30.700,6.428,89650022.08
10/02/2024,2.757,8.237,14.773,37.729,21.230,30.089,5.359,91842816.05
11/02/2024,2.509,8.093,12.824,37.121,21.421,29.644,4.543,90860454.06
12/02/2024,2.290,7.977,11.165,36.555,21.710,28.574,2.862,88371252.6
13/02/2024,2.544,7.631,10.262,33.851,22.492,29.536,4.072,89953114.25
14/02/2024,2.272,7.330,9.013,31.236,22.801,29.850,4.385,85981310.37
15/02/2024,2.368,7.326,9.834,30.608,23.454,29.227,3.392,86300431.91
16/02/2024,2.499,7.358,10.789,30.075,24.177,29.517,3.708,89859924.99
17/02/2024,2.253,7.206,11.166,29.958,24.531,30.325,4.775,93781410.35
18/02/2024,2.324,7.371,11.916,30.163,25.216,31.510,6.395,102305902.1
19/02/2024,2.392,7.533,12.722,30.369,0.902,27.537,0.739,93783646.19
20/02/2024,2.613,7.848,13.745,30.733,26.734,28.899,2.647,104721735
21/02/2024,2.507,7.761,14.627,32.089,27.250,31.122,5.792,120824598.6
22/02/2024,2.500,7.774,15.693,33.813,27.836,30.570,5.031,128977042.6
23/02/2024,2.440,7.734,16.794,35.782,28.330,29.692,3.828,136103563.1
24/02/2024,2.431,7.673,14.747,34.301,28.875,30.340,4.802,138111137.6
25/02/2024,2.585,7.775,43.145,33.145,29.527,28.896,2.837,132526700.9
26/02/2024,2.421,7.557,12.324,32.324,29.799,28.788,2.779,131154810.2
27/02/2024,2.555,7.637,11.847,31.847,30.297,30.049,4.677,139429116.6
28/02/2024,2.437,7.332,9.939,29.939,30.557,31.156,6.376,138765595.3
29/02/2024,2.194,7.375,10.484,30.484,30.425,30.285,5.296,136996161.4
01/03/2024,2.350,7.749,11.859,34.649,30.589,28.911,3.522,150549687.4
02/03/2024,2.562,7.605,14.298,34.298,30.685,30.174,5.496,158914970.9
03/03/2024,2.286,7.284,10.718,30.718,30.519,28.897,3.897,137057810.4
04/03/2024,2.137,7.105,10.289,30.289,30.227,28.264,3.225,131791298
05/03/2024,2.300,7.239,10.183,30.183,30.168,28.377,3.626,133617467.9
06/03/2024,2.208,7.221,11.341,31.341,29.671,28.028,3.393,135423647.3
07/03/2024,2.638,7.726,13.260,33.260,29.627,28.240,3.968,147344349.5
08/03/2024,2.467,7.630,14.843,34.843,28.919,28.806,5.063,154208108.5
09/03/2024,2.519,7.862,15.459,34.643,28.484,26.964,2.767,143252564.5
10/03/2024,2.620,7.909,16.146,34.498,28.053,28.152,4.773,148830280.8
11/03/2024,2.655,7.890,16.790,34.292,27.518,28.694,5.882,149827660.7
12/03/2024,2.466,7.612,13.761,33.907,26.772,27.461,4.496,138857781.2
13/03/2024,2.331,7.388,11.359,33.582,26.064,27.753,5.282,136293991.7
14/03/2024,2.528,7.881,15.349,31.356,25.423,0.725,4.218,122015088.7
15/03/2024,2.415,7.657,13.645,33.136,24.752,28.514,7.150,134356779.4
16/03/2024,2.480,7.611,12.325,35.451,24.275,27.128,5.607,135119957.4
17/03/2024,2.324,7.391,11.457,34.759,23.574,24.087,1.738,115057046.7
18/03/2024,2.431,7.434,10.911,34.355,23.171,25.625,4.357,120508597.7
19/03/2024,2.335,7.274,10.218,33.770,22.613,23.461,1.755,106682757.1
20/03/2024,2.225,7.124,9.525,33.198,22.099,25.968,5.770,114240091.5
21/03/2024,2.113,6.972,8.889,32.647,21.646,24.996,4.878,106628138.6
22/03/2024,2.267,7.085,8.572,32.383,21.529,24.894,5.228,106177116.4
23/03/2024,2.850,6.971,17.237,30.263,21.260,24.775,5.564,100589280.8
24/03/2024,2.718,7.234,16.420,29.838,21.057,25.291,6.810,100938252.9
25/03/2024,2.748,7.659,15.802,29.597,21.100,22.849,3.883,91619348.89
26/03/2024,2.529,7.834,14.970,29.127,20.976,22.655,4.145,89171163.32
27/03/2024,2.428,8.128,14.293,28.795,21.057,23.026,5.214,90515118.17
28/03/2024,2.130,8.225,13.452,28.286,,22.999,5.731,88677916.09
29/03/2024,2.240,7.739,12.935,30.303,,20.511,2.774,86693987.78
30/03/2024,2.417,7.320,12.516,33.086,,20.677,3.578,98312343.91
31/03/2024,2.492,7.439,11.971,31.460,,20.861,4.416,97386969.78
01/04/2024,2.543,7.527,11.565,31.992,,17.929,0.852,87706848.12
02/04/2024,2.472,7.492,11.056,32.431,,21.157,6.006,107394532.2
03/04/2024,2.574,7.580,8.566,32.830,23.725,18.554,2.920,98749915.4
04/04/2024,2.591,7.656,11.571,33.223,24.333,20.312,6.007,113063600.5
05/04/2024,2.592,7.717,16.111,33.614,24.954,17.948,3.267,104467115.6
06/04/2024,2.507,7.759,16.267,35.527,25.513,18.943,5.281,119491534.8
07/04/2024,2.779,8.156,16.784,38.123,87.435,18.699,5.548,132669502.1
08/04/2024,2.602,8.083,14.619,37.575,77.002,17.272,4.142,124108991.1
09/04/2024,2.427,8.011,12.742,37.040,47.555,17.578,5.191,127745790.5
10/04/2024,2.567,8.255,11.442,36.832,28.399,16.455,4.219,124088305.7
11/04/2024,2.331,7.419,10.050,33.638,28.790,16.702,5.187,117501984.1
12/04/2024,2.151,7.209,8.892,31.116,29.191,14.617,2.855,97126594.93
13/04/2024,2.278,7.237,9.745,30.519,29.776,14.549,3.377,97897312.83
14/04/2024,2.246,7.106,10.537,29.822,30.139,16.252,6.402,108980477.6
15/04/2024,2.356,7.309,11.269,30.061,30.558,13.795,18.873,95467640.56
16/04/2024,2.619,7.666,12.211,30.459,31.057,14.222,20.235,102789498.7
17/04/2024,2.378,7.519,12.709,30.355,30.971,11.970,17.806,85984133.22
18/04/2024,2.644,7.879,13.776,30.764,31.310,12.729,19.632,95030250.02
19/04/2024,2.417,7.671,14.537,31.999,31.102,11.937,19.260,91870327.23
20/04/2024,2.493,7.768,15.687,33.806,31.113,12.025,20.129,98405672.42
21/04/2024,2.564,7.858,16.918,35.906,31.034,12.847,22.031,112047827.2
22/04/2024,2.654,7.897,14.971,34.525,3.944,12.436,22.183,105355169.3
23/04/2024,2.529,7.720,13.089,33.089,3.560,12.220,22.605,98679263.08
24/04/2024,2.417,7.553,12.320,32.320,30.119,10.806,21.325,84468656.76
25/04/2024,2.528,19.609,11.820,31.820,29.836,10.747,21.956,82859154.07
26/04/2024,2.218,7.112,9.719,29.719,29.164,8.800,19.907,62072430.22
27/04/2024,2.359,7.540,,30.649,28.707,9.017,20.913,65119400.04
28/04/2024,2.507,7.906,,34.806,28.196,10.358,23.497,83613964.6
29/04/2024,2.501,7.545,,34.238,27.462,9.612,23.121,74951574.49
30/04/2024,2.365,7.363,,30.797,26.887,8.785,22.620,60944764.58
01/05/2024,2.299,7.268,,30.451,26.204,6.739,20.386,45280096.11
02/05/2024,2.349,7.288,,30.232,25.637,7.959,22.759,52371457.86
03/05/2024,2.259,7.272,,31.392,24.837,7.681,23.002,50884938.61
04/05/2024,2.667,7.755,,33.288,24.559,6.550,22.027,46147082.07
05/05/2024,2.766,7.928,,35.141,24.005,6.921,23.163,50596478.19
06/05/2024,2.543,7.887,,34.667,23.280,8.876,26.529,62223899.33
07/05/2024,2.512,7.801,,34.390,22.799,5.544,22.403,38016975.45
08/05/2024,2.602,7.837,,34.239,22.500,4.092,20.922,27846024.07
09/05/2024,2.507,7.653,,33.948,22.123,2.744,19.575,18294581.26
10/05/2024,2.489,7.547,,33.741,21.898,4.375,22.426,28880080.84
11/05/2024,2.759,8.112,15.580,31.588,21.779,4.192,22.696,26255031.53
12/05/2024,2.554,7.797,13.785,33.276,21.541,3.437,22.143,22358375.29
13/05/2024,2.475,7.606,12.320,35.446,21.513,6.395,26.825,44252409.42
14/05/2024,2.390,7.457,11.523,34.825,21.532,5.095,25.470,34853679.3
15/05/2024,2.302,7.305,10.782,34.225,21.631,4.573,25.198,31035444.4
16/05/2024,2.293,7.231,10.176,33.728,21.891,4.110,24.994,28005798.4
17/05/2024,2.210,7.109,9.510,33.184,22.158,0.616,20.487,4200853.652
18/05/2024,2.194,7.052,8.969,32.728,22.564,4.986,27.084,34346987
19/05/2024,2.280,7.098,8.585,32.396,23.139,3.152,24.889,22228986.57
20/05/2024,2.850,6.971,17.237,30.263,23.601,2.058,23.724,14215484.1
21/05/2024,2.529,7.045,16.231,29.649,23.926,0.755,22.246,5168001.783
22/05/2024,2.563,7.473,15.616,29.411,24.645,,25.426,19446160.87
23/05/2024,2.443,7.748,14.884,29.041,25.244,,28.402,33115901.51
24/05/2024,2.373,8.073,14.238,28.740,25.915,,26.116,20395733.83
25/05/2024,2.447,8.541,13.769,28.602,26.740,,26.947,23998146.8
26/05/2024,2.390,7.889,13.085,30.454,27.318,,25.639,16899998.53
27/05/2024,2.474,7.378,12.573,33.144,28.025,,27.508,29396628.56
28/05/2024,2.332,7.280,11.811,31.301,28.429,,24.040,5138361.433
29/05/2024,2.374,7.358,11.396,31.823,29.036,,27.715,27965771.66
30/05/2024,2.552,7.572,11.136,32.511,29.736,,27.244,24915147.27
31/05/2024,2.576,7.582,8.567,32.832,30.181,,26.389,18323467.74
01/06/2024,2.615,7.680,11.596,33.247,30.648,,27.081,22859424.37
02/06/2024,2.569,7.694,16.088,33.591,30.963,,29.199,38315045
03/06/2024,2.794,8.045,16.554,35.814,31.480,,27.146,23951657.44
04/06/2024,2.555,7.933,16.560,37.899,31.456,,28.507,36153289.47
05/06/2024,2.486,7.967,14.502,37.458,31.617,,25.563,9888886.094
06/06/2024,,7.923,12.654,36.951,31.616,,29.222,40584229.85
07/06/2024,,8.076,11.264,36.654,31.729,,30.270,49317679.34
08/06/2024,,7.443,10.073,33.662,31.632,,27.024,19586675.82
09/06/2024,,7.173,8.856,31.080,31.247,,26.571,14563250.84
10/06/2024,,7.340,9.848,30.622,31.220,,26.792,16210779.55
11/06/2024,,7.340,10.771,30.057,30.952,,29.277,33836584.92
12/06/2024,,7.316,11.276,30.068,30.382,,27.377,20271143.52
13/06/2024,,7.475,12.020,30.267,29.935,,28.463,28274404.61
14/06/2024,,7.540,12.730,30.377,29.341,,26.760,16725397.67
15/06/2024,,7.785,13.682,30.671,28.883,,30.358,42375530.02
16/06/2024,,7.766,14.632,32.094,28.231,,27.975,27308341.92
17/06/2024,,7.791,15.710,33.830,27.599,,30.436,47178342.68
18/06/2024,,7.937,16.997,35.986,27.077,,30.426,50550640.06
19/06/2024,,7.706,14.780,34.334,26.294,,29.265,39928327.46
20/06/2024,,7.652,13.022,33.022,25.699,,30.076,44547925.75
21/06/2024,,7.533,12.300,32.300,25.062,,29.344,39239802.78
22/06/2024,2.425,7.507,11.717,31.717,24.549,4.492,29.429,39884400.77
23/06/2024,2.398,7.292,9.899,29.899,24.110,6.276,,52023057.06
24/06/2024,2.155,7.337,10.446,30.446,23.319,5.448,,44288193.77
25/06/2024,2.581,7.980,12.090,34.880,23.235,4.598,,42995779.77
26/06/2024,2.483,7.526,14.219,34.219,22.652,7.561,,67886636.52
27/06/2024,2.312,7.310,53.744,30.744,22.378,5.254,,42179932.23
28/06/2024,2.208,7.176,10.359,30.359,22.078,7.043,,55200201.08
29/06/2024,2.476,7.415,10.359,30.359,22.232,6.102,29.806,48771050.89
30/06/2024,2.389,7.402,11.522,31.522,22.006,6.971,30.709,57204448.86
01/07/2024,2.417,7.505,13.039,33.039,21.980,8.024,31.863,69093539.73
02/07/2024,2.474,7.636,14.850,34.850,22.067,9.028,32.935,82565053.4
03/07/2024,2.585,7.928,15.525,34.709,22.396,7.996,31.118,74554002.6
04/07/2024,2.679,7.968,16.205,34.557,22.788,9.040,32.226,86076432.03
05/07/2024,2.553,7.788,16.688,34.190,23.034,8.857,31.587,84547330.97
06/07/2024,2.441,7.587,13.737,33.883,23.404,9.475,32.074,91315149.5
07/07/2024,2.400,7.457,11.429,33.652,23.906,8.653,30.514,84940141.81
08/07/2024,2.616,7.969,15.437,31.445,24.459,10.106,32.164,96348341.3
09/07/2024,2.568,7.810,13.798,33.290,25.067,12.124,34.604,125299451.6
10/07/2024,2.521,7.652,12.367,35.492,25.713,10.203,31.467,115211965.6
11/07/2024,2.299,7.366,11.432,34.734,26.177,10.147,30.960,114175584.8
12/07/2024,2.420,7.423,10.899,34.343,26.997,13.434,35.176,155477218
13/07/2024,2.379,7.318,10.262,33.814,27.660,13.443,34.749,157623314.5
14/07/2024,2.232,7.131,9.532,33.206,28.213,13.483,34.362,158577242.5
15/07/2024,2.140,6.999,8.916,32.674,28.803,11.658,31.333,138091613.1
16/07/2024,2.179,6.997,8.485,32.295,29.495,15.101,35.748,182105402.6
17/07/2024,2.745,6.867,17.133,30.159,30.019,13.377,32.855,157376754.4
18/07/2024,2.559,7.075,16.261,29.679,30.444,13.194,32.138,154937874.7
19/07/2024,2.572,7.482,15.625,29.420,31.011,14.134,33.006,168515848.7
20/07/2024,2.476,7.782,14.918,29.074,31.406,15.626,34.654,186883576.3
21/07/2024,2.412,8.112,14.277,28.779,31.761,16.356,35.223,196401478.8
22/07/2024,2.300,8.394,13.622,28.455,31.992,16.353,34.755,195848706.7
23/07/2024,2.613,8.112,13.308,30.676,32.451,16.307,34.227,215319521.1
24/07/2024,2.197,7.101,12.296,32.867,32.098,18.807,37.299,259819031.7
25/07/2024,2.346,7.294,11.825,31.315,32.170,16.794,33.991,224165611.4
26/07/2024,2.273,7.257,11.295,31.722,31.987,17.977,35.205,241960744.6
27/07/2024,2.431,7.451,11.016,32.391,31.952,17.578,34.183,243068255.7
28/07/2024,2.512,7.518,8.503,32.768,31.710,19.145,35.945,267238975.5
29/07/2024,2.666,7.731,11.647,33.298,31.531,17.217,2.103,244609248.2
30/07/2024,2.443,7.568,15.962,33.465,30.905,20.230,5.772,282500961
31/07/2024,2.763,8.014,16.523,35.783,30.764,18.885,3.282,283113380
01/08/2024,2.666,8.044,16.671,38.010,30.151,20.298,4.700,316255552.9
02/08/2024,2.482,7.963,14.499,37.455,29.501,19.751,3.351,297054396.4
03/08/2024,2.570,,12.886,37.183,29.086,19.978,3.102,296227188.6
04/08/2024,2.367,,11.242,36.632,28.353,19.727,2.186,280968558.5
05/08/2024,2.282,,10.001,33.589,27.680,21.038,3.484,270185927.3
06/08/2024,2.420,,9.161,31.385,27.224,22.613,5.165,270192611.9
07/08/2024,2.238,,9.705,30.479,26.384,23.277,5.567,261833339
08/08/2024,2.274,,10.564,29.850,25.779,24.707,7.061,267590655.3
09/08/2024,2.343,,11.256,30.048,25.216,24.174,5.789,259195590.2
10/08/2024,2.392,7.439,11.984,30.231,24.670,21.743,1.842,230572361.2
11/08/2024,2.569,7.710,12.900,30.546,24.299,23.217,3.430,247094239.8
12/08/2024,2.595,7.830,13.727,30.716,23.832,24.451,4.688,257740464.4
13/08/2024,2.593,7.848,14.714,32.176,23.429,22.404,1.319,243307727
14/08/2024,2.396,7.670,15.589,33.709,22.901,24.948,4.454,276155902
15/08/2024,2.539,7.833,16.894,35.882,22.790,24.988,4.061,294204057.4
16/08/2024,2.399,7.641,14.716,34.270,22.522,26.226,5.374,292502107.9
17/08/2024,2.465,7.656,13.025,33.025,22.544,26.755,5.698,290271920.9
18/08/2024,2.491,7.627,12.394,32.394,22.611,27.388,6.185,294081252.4
19/08/2024,2.276,7.358,11.568,31.568,22.521,26.570,4.632,276738865.2
20/08/2024,2.218,7.112,9.719,29.719,22.761,26.809,4.589,267280038.4
21/08/2024,2.339,7.521,10.629,30.629,23.074,28.754,6.974,301042431.4
22/08/2024,2.433,7.832,11.942,34.731,23.416,29.391,7.524,353318499.8
23/08/2024,2.364,7.408,14.101,34.101,23.627,27.411,4.390,327550100.9
24/08/2024,2.480,61.478,10.912,30.912,24.396,28.178,5.155,319563357.8
25/08/2024,2.209,7.177,10.360,30.360,24.664,27.274,3.575,306077855.8
26/08/2024,2.281,7.219,10.164,30.164,25.324,28.483,4.998,328049053.4
27/08/2024,2.575,7.589,11.708,31.708,26.139,29.402,6.029,370643145.3
28/08/2024,2.336,7.424,12.958,32.958,26.448,28.223,4.110,371962488.5
29/08/2024,2.393,7.556,14.769,34.769,27.072,29.116,5.139,415211217.6
30/08/2024,2.463,7.807,15.403,34.587,,29.177,5.008,428052075
31/08/2024,2.650,7.939,16.176,34.527,,28.660,4.079,436782574
01/09/2024,2.731,7.965,16.865,34.368,,28.876,4.203,452352013.4
02/09/2024,2.220,7.366,13.515,33.662,,31.413,7.629,480550141.2
03/09/2024,2.686,7.743,11.714,33.937,,28.634,3.554,465540351.8
04/09/2024,2.453,7.806,15.274,31.281,,29.232,4.274,440885989.5
05/09/2024,2.561,7.803,13.792,33.283,,28.303,2.854,465126278.9
06/09/2024,2.237,7.368,12.083,35.208,,29.777,4.851,515905512.8
07/09/2024,2.522,7.589,11.655,34.957,,30.321,5.551,539123539.2
08/09/2024,2.481,7.484,10.961,34.405,,29.436,4.248,521434886.3
09/09/2024,2.177,7.116,10.060,33.613,32.539,30.332,5.485,522171785.3
10/09/2024,2.209,7.108,9.510,33.183,32.734,29.276,3.978,503081060.7
11/09/2024,2.278,7.137,9.054,32.812,32.881,31.265,6.799,536863789.8
12/09/2024,2.180,6.998,8.485,32.295,32.776,29.951,4.965,505296744.2
13/09/2024,2.670,6.792,17.058,30.083,32.521,30.731,6.113,490379214.7
14/09/2024,2.755,7.271,16.456,29.875,32.481,32.091,8.100,511333183.4
15/09/2024,2.429,7.339,15.482,29.277,31.953,30.293,5.640,463038994
16/09/2024,2.584,7.889,15.026,29.182,31.835,31.119,6.910,476451611.7
17/09/2024,2.473,8.173,14.338,28.840,31.386,29.955,5.383,447219816.3
18/09/2024,2.277,8.372,13.599,28.433,30.793,29.298,4.593,422290717.3
19/09/2024,2.304,7.803,12.999,30.368,30.256,28.577,3.731,432005293.1
20/09/2024,2.334,7.237,12.433,33.003,29.682,28.994,4.496,466646483.2
21/09/2024,2.525,7.473,12.004,31.494,29.185,30.403,6.682,464731445.9
22/09/2024,2.450,7.434,11.472,31.900,28.451,29.960,6.267,452287213.9
23/09/2024,2.528,7.548,11.112,32.487,27.861,27.903,3.588,421877308.7
24/09/2024,2.502,7.508,8.494,32.758,27.120,28.573,4.783,424824124.4
25/09/2024,2.532,7.597,11.512,33.164,26.511,27.282,3.221,402707304.3
26/09/2024,2.753,7.878,16.272,33.775,26.118,28.692,5.497,428486543.5
27/09/2024,2.632,7.883,16.391,35.651,25.420,29.146,6.437,445662250.8
28/09/2024,2.634,8.012,16.639,37.978,24.890,27.210,4.014,433848319.9
29/09/2024,2.557,8.038,14.573,37.529,24.430,24.930,,386587018.7
30/09/2024,2.533,8.117,12.848,37.145,24.084,28.180,,427991140.2
01/10/2024,2.312,7.999,11.187,36.577,23.608,30.436,,445706073.5
02/10/2024,2.499,7.587,10.218,33.806,23.574,27.501,,376679633.2
03/10/2024,2.476,7.534,9.217,31.440,23.406,26.988,,343917391.1
04/10/2024,2.288,7.247,9.755,30.529,23.086,26.688,,325561573.2
05/10/2024,2.238,7.097,10.528,29.814,22.987,27.069,6.455,322069683.1
06/10/2024,2.214,7.167,11.127,29.919,22.982,27.891,8.054,333601220.9
07/10/2024,2.323,7.370,11.915,30.162,23.192,27.014,7.262,330638954
08/10/2024,2.546,7.687,12.877,30.523,23.599,24.970,4.833,317555673.5
09/10/2024,2.670,7.905,13.802,30.790,23.983,24.851,5.138,326006324.2
10/10/2024,2.723,7.977,14.843,32.305,24.399,24.739,5.465,346762993
11/10/2024,2.701,7.976,15.895,34.014,24.807,23.289,3.912,349081569.6
12/10/2024,2.663,7.957,17.017,36.006,25.258,24.944,6.762,402375105.1
13/10/2024,2.521,7.763,14.838,34.392,25.703,23.584,5.357,370877341.8
14/10/2024,2.591,7.781,13.150,33.150,26.403,24.608,7.334,386166560.2
15/10/2024,2.419,7.555,12.322,32.322,26.895,22.479,4.862,350397856.2
16/10/2024,2.180,7.261,11.472,31.472,27.340,23.939,7.475,368570662.8
17/10/2024,2.353,7.248,9.855,29.855,28.300,19.998,2.459,305948102.3
18/10/2024,2.424,7.605,10.714,30.714,28.970,23.323,7.725,376867684.9
19/10/2024,2.542,7.942,12.052,34.841,29.657,19.580,3.004,366513345
20/10/2024,2.430,7.473,14.166,34.166,30.050,19.641,3.669,365867738
21/10/2024,2.462,7.460,10.894,30.894,30.867,20.331,5.230,355651159.3
22/10/2024,2.479,7.447,10.630,30.630,31.456,18.411,3.106,326726066.5
23/10/2024,2.237,7.176,10.120,30.120,31.736,19.914,5.827,349420967.4
24/10/2024,2.282,7.295,11.415,31.415,32.136,19.570,5.942,363158007.7
25/10/2024,2.679,7.767,13.301,33.301,32.821,19.920,7.042,404343207.5
26/10/2024,2.542,7.704,14.917,34.917,32.900,17.768,4.606,377594433.9
27/10/2024,2.531,7.875,15.471,34.655,33.134,18.161,5.774,387159137.2
28/10/2024,2.585,7.874,16.111,34.462,33.350,17.558,5.536,376600371.8
29/10/2024,2.511,7.746,16.646,,33.356,17.582,6.185,374486797.1
30/10/2024,2.426,7.572,13.721,,33.306,17.077,6.087,360728439.4
31/10/2024,2.401,7.458,11.430,,33.233,15.019,3.794,315439473.4
01/11/2024,2.703,8.057,15.524,,33.146,17.344,7.700,346046885.4
02/11/2024,2.406,7.648,13.636,,32.654,14.761,4.665,302093269.8
03/11/2024,2.590,7.721,12.435,,32.571,13.799,3.920,303379825
04/11/2024,2.351,7.418,11.484,,31.965,13.283,3.804,279847343.2
05/11/2024,2.389,7.392,10.869,34.312,31.577,15.045,6.907,310361458.1
06/11/2024,2.352,7.290,10.235,33.787,31.060,13.262,4.995,265756984.6
07/11/2024,2.124,7.022,9.424,33.097,30.312,15.700,9.048,300093828.1
08/11/2024,2.151,7.009,8.926,32.685,29.786,12.376,4.947,230526846.7
09/11/2024,2.091,6.910,8.397,32.207,29.150,12.014,5.032,216204165.6
10/11/2024,2.877,6.998,17.264,30.290,28.689,12.151,5.817,208690405.3
11/11/2024,2.659,7.175,16.360,29.779,27.925,10.149,49.583,166436797.3
12/11/2024,2.583,7.493,15.636,29.431,27.313,10.644,51.007,168983909.9
13/11/2024,2.574,7.879,15.016,29.172,26.787,8.938,49.314,138411924.6
14/11/2024,2.183,7.883,14.048,28.551,25.911,11.172,53.184,162460380.8
15/11/2024,2.351,8.445,13.673,28.507,25.633,10.035,52.278,145336147
16/11/2024,2.268,7.767,12.963,30.332,25.037,8.120,50.265,121701920.5
17/11/2024,2.374,7.277,12.473,33.043,24.687,9.038,52.248,145511417.8
18/11/2024,2.357,7.305,11.836,31.326,24.226,8.200,51.739,123561462.3
19/11/2024,2.630,7.614,11.652,32.079,24.177,9.620,54.414,149492018.9
20/11/2024,2.545,7.565,11.129,32.504,23.846,9.239,54.530,143378705.9
21/11/2024,2.721,7.727,8.713,32.977,23.807,8.183,53.681,129479953.5
22/11/2024,2.713,7.779,11.694,33.345,23.733,7.675,53.595,122614624.2
23/11/2024,2.545,7.670,16.064,,23.582,7.651,54.182,121999982.7
24/11/2024,2.518,7.770,16.278,,23.663,5.759,52.115,97412658.51
25/11/2024,2.639,8.016,16.644,,23.972,6.576,53.865,120669471.4
26/11/2024,2.514,7.995,14.530,,24.212,5.508,52.937,100849766.3
27/11/2024,2.492,8.076,12.807,,24.629,6.475,54.872,119737813.5
28/11/2024,2.597,8.285,11.472,,25.243,5.147,53.549,97512132.53
29/11/2024,2.252,7.340,9.971,33.559,25.426,6.923,56.601,120241115.9
30/11/2024,2.382,7.440,9.124,31.347,26.138,4.956,54.344,83559241.48
01/12/2024,2.229,7.188,9.696,30.470,26.542,5.801,56.049,96519685.55
02/12/2024,2.427,7.286,10.717,30.002,27.331,4.251,54.350,72408974.17
03/12/2024,2.287,7.240,11.200,29.993,27.792,2.553,52.427,44125327.83
04/12/2024,2.351,7.398,11.943,30.190,28.470,4.199,55.217,75139233.56
05/12/2024,2.298,7.439,12.629,30.276,29.035,3.426,54.569,62754895.31
06/12/2024,2.591,7.826,13.723,30.711,29.939,2.038,53.035,39457064.71
07/12/2024,2.635,7.889,14.755,32.217,30.604,3.472,55.474,72110029.08
08/12/2024,2.558,7.832,15.751,33.871,31.120,3.342,55.684,73968605.76
09/12/2024,2.492,7.786,16.847,35.835,31.608,2.544,7.932,60358205.69
10/12/2024,2.442,7.684,14.759,34.313,32.112,4.140,57.547,95977479.78
11/12/2024,2.641,7.832,13.201,33.201,32.809,1.830,54.622,42396442.41
12/12/2024,2.199,7.335,12.102,32.102,32.801,1.569,54.575,34865839.8
13/12/2024,2.363,7.445,11.655,31.655,33.329,2.394,56.047,53756376.56
14/12/2024,2.184,7.079,9.686,29.686,33.528,2.697,56.760,57209696.75
15/12/2024,2.339,7.521,10.630,30.630,33.793,1.709,55.631,37894551.97
16/12/2024,2.467,7.866,11.976,34.766,33.929,1.880,56.121,47385116.9
17/12/2024,2.443,7.487,14.180,34.180,33.788,1.010,55.120,24998469.36
18/12/2024,2.326,7.324,10.758,30.758,33.780,4.063,59.648,91093701.72
19/12/2024,2.364,7.332,10.516,30.516,33.675,3.963,0.699,88249147.74
20/12/2024,2.327,7.266,10.210,30.210,33.415,0.482,54.948,10558017.81
21/12/2024,2.383,7.397,11.516,31.516,33.067,3.940,59.993,89244785.5
22/12/2024,2.292,7.380,12.914,32.914,32.501,1.116,56.133,25860319.95
23/12/2024,2.623,7.786,14.999,34.999,32.294,1.732,57.120,42737769.42
24/12/2024,2.609,7.953,15.549,34.733,31.793,2.629,58.485,63579593.94
25/12/2024,2.540,7.829,16.066,34.417,31.191,1.800,57.391,42396415.17